PatientID,StudyInstanceUID,AccessionNumber,StudyDescription
"PAN_01","1.3.6.1.4.1.14519.5.2.1.310010736673255889238029963013294229221","",""
"PAN_01","1.3.6.1.4.1.14519.5.2.1.302779044057126661506289583454445483388","",""
